img_id,caption_gt,caption_pred
0,People shopping in an open market for vegetables.,A group of people standing around a table with a bunch of bananas.
1,a couple of people are cooking in a room,A man in a kitchen preparing food.
2,A person in a wetsuit surfing on a turquoise wave.,A man riding a wave on top of a surfboard.
3,a windsurfer some water a hill sand and some kayaks,A man standing on a beach with a sailboat in the background.
4,A brick building with a clock on it and pathway.,A clock tower is seen from the street.
5,a plate of yummy food of some kind,A bowl of mixed vegetables with a few greens.
6,A cup of coffee on a plate with a spoon.,A cake with a knife and fork on a table.
7,Three young women are trying to catch a frisbee.,A group of young men playing a game of frisbee.
8,a cat is sitting on top of a vehicle,A bear is sitting on a rock in the water.
9,A man in swim shorts is riding a surf board.,A man riding a wave on top of a surfboard.
10,A lone airplane is flying high against a grey sky.,A large commercial airplane flying in the sky.
11,A young child riding a wave on top of a board.,A man riding a wave on a surfboard.
12,A bear that is standing in the water.,A bear walking through a field of tall grass.
13,Man laying on top of bed in green towel working on laptop.,A man sitting on a couch with a dog.
14,A train traveling over a river on a bridge.,A large airplane is taking off from an airport.
15,A living room that has a couch in it.,"A living room with a couch, chair, and table."
16,"a man with a brown suit, sitting at a table with microphone, listening.",A man sitting at a table with a laptop.
17,A herd of cattle grazing on a grassy hill.,A herd of cattle walking across a field.
18,A young man holding a ball in front of a soccer net.,A young boy holding a baseball bat on a field.
19,A very small bathroom stall with a toilet and several rolls of toilet paper.,"A bathroom with a toilet, sink, and shower."
20,A toddler reading a book to a baby.,A baby and a toddler are reading a book.
21,A view of a bunch of people skiing and posing for a picture.,A group of people standing in the snow with skis.
22,A very tall clock tower with two clocks on it.,A large clock tower with a clock on it.
23,Two cowboys on horseback are riding along a dirt road.,Two men riding skateboards down a snowy road.
24,A giraffe standing on top of a lush green field.,A giraffe standing in a field with trees.
25,Two brown teddy bears sitting on floor next to a piano.,A stuffed bear sitting on a bench next to a motorcycle.
26,An apple between two pomegranates siting on a table covered by a white table cloth.,A bowl of fruit sitting on a table.
27,A small propeller plane is at a sandy beach.,A small plane is taking off from a runway.
28,a couple of birds sit on a branch with each other,Two birds are standing on a tree branch.
29,A little girl sitting on top of a bed near pillows.,A little girl sitting on a bed with a blanket.
30,Glass of frothy white liquid sitting on wooden surface next to a banana,A knife and a piece of fruit on a table.
31,A woman sitting on top of a green couch near a window.,A man sitting on a couch in a living room.
32,"A bedroom with a bed, curtains, two windows and a rug.","A bedroom with a bed, a dresser, and a lamp."
33,A white toilet sitting next to a bath tub and a sink.,"A kitchen with a sink, a stove, and a refrigerator."
34,A cake with a large piece cut out of it,A pizza with a slice missing on a plate.
35,"a city's traffic with buses, cars and pedestrians crossing.",A man riding a motorcycle down a street.
36,A blue bus going down a street with houses and buildings on either side.,A bus is driving down a street in a city.
37,a couple of doughnuts that is on a plate,A plate of donuts and a cup of coffee.
38,A man swinging a bat on a baseball field.,A woman holding a tennis racket on a tennis court.
39,A couple of white boats on the water.,A boat docked in a harbor with a man on a boat.
40,A woman flying a kite while standing on a beach.,A little girl flying a kite in the grass.
41,A large giraffe walking across a dirt lot near trees.,A giraffe standing in a dirt field next to a building.
42,A train is going down the tracks on a mountainside.,A train is parked on the tracks near a mountain.
43,five gray and white birds sand and water,A group of birds standing on a beach.
44,A red vase sitting on top of a piano filled with red flowers.,A vase with flowers in it sitting on a table.
45,A man flying a kite on top of a sandy field.,A man flying a kite on a beach.
46,A persons hand with a doughnut held out.,A person holding a donut with sprinkles on it.
47,The green and red airplane is sitting on the runway.,A plane is on the runway at an airport.
48,A red and yellow double decker bus on street next to trees.,A street with a bus and a car.
49,A woman playing tennis on an asphalt court.,A couple of people playing tennis on a tennis court.
50,"a yellow, black and white bird perched in a tree",A bird perched on a branch of a tree.
51,A woman walking down a sidewalk past a fire hydrant.,A woman walking down the street next to a fire hydrant.
52,A stop sign by a beach next to some placid water.,A sign on a pole in front of a beach.
53,A formation of red fighter jets flying through a blue sky.,A group of jets flying in formation in the sky.
54,A red boat sitting on top of a lake.,A boat sitting on a beach with a red flag.
55,a clock on a tall building with a sky background,A large clock tower with a cloudy sky.
56,A bicycle with a book bag chained to a bike stand.,A bicycle parked on a sidewalk next to a bus.
57,The Scotsman train is travelling down the tracks.,A bus is driving down a street in the rain.
58,Two sandwiches sitting on top of papers on a table.,A sandwich with meat and vegetables on a plate.
59,A baseball player holding a bat next to home plate.,A baseball player is holding a bat during a game.
60,A man riding a bike past a parked car.,A man riding a bike down a city street.
61,A wooden table surrounded by wooden chairs near a window.,A dining room table with chairs and a tablecloth.
62,A beautiful woman in a short skirt holding a tennis racquet.,A woman is playing tennis on a court.
63,a bowl of food that is on a table,A pan with a lot of different vegetables in it.
64,A person in a red coat is snowboarding in a wooded area.,A man riding a skateboard down a snowy hill.
65,cups and saucers filled with soups and vegetables on a table,A table with a variety of food on it.
66,A man on a surfboard surfing in the ocean.,A man riding a wave on a surfboard.
67,a person riding a skate board at a skate park,A man riding a skateboard on a ramp.
68,Two women sitting on a metal bench next to a fence.,A group of people sitting on a bench.
69,A zebra standing in tall brown grass in front of trees.,A zebra standing in a field of dry grass.
70,A fire hydrant on the corner of a neighborhood street,A fire hydrant in the middle of a field.
71,This photograph of a surfer entering the ocean is breathtaking.,A man walking on a beach with a surfboard.
72,A side view of a giraffe with trees in the background.,A giraffe standing in front of a tree.
73,A plate of cooked broccoli in a brown sauce.,A plate of food with broccoli and meat.
74,a water supply with some kites flying over it,A group of people flying kites in the air.
75,A train traveling next to a large mountain on top of a bridge.,A bus is driving down the road near a mountain.
76,a small child is playing in a field,A woman standing on a hill flying a kite.
77,A woman gives a thumbs-up signal while taking a slice of pizza.,A man is smiling while sitting in front of a large pizza.
78,A model sailboat in the window next to a kitchen sink.,A table with a vase of flowers on it.
79,A person holding a remote control in their hand.,A person holding a book and a pen.
80,A tan curly haired teddy bear with a big purple bow tie.,A stuffed animal is sitting on a bed.
81,a train on a track near many trees,A train is traveling down the tracks near a bridge.
82,a large giraffe that is standing up tall,A giraffe standing in a field next to a tree.
83,A sailboat in the middle of the water by a cruise ship.,A boat is in the water near a city.
84,A bunch of boats that are sitting in the water.,A field with a lot of cows in it.
85,A surfer is in mid air while catching a wave.,A man is surfing on a wave in the ocean.
86,A woman standing on a  tennis court holding a racquet.,A man is playing tennis on a tennis court.
87,A medium sized white dog is standing in the bathtub.,A horse is laying down in a fenced area.
88,a person in sport wear with a frisbee in a field,A man holding a baseball bat on a field.
89,A man holding a surfboard stands on rocks and looks down at the ocean.,A man holding a surfboard on a pier.
90,A herd of cattle walking through a lush green field.,A herd of cows standing in a grassy field.
91,a living room with two couches and a christmas tree,"A living room with a couch, a television, and a table."
92,A man riding a bike on a city street.,A man riding a bicycle down a street.
93,Someone uses a long pole to take a pizza out of a brink oven.,A pizza is being cooked in an oven.
94,A large clock tower with two golden clocks on it's sides.,A clock tower with a clock on it.
95,A white plate with a cake covered in caramel.,A donut on a plate next to a cup of coffee.
96,A man on a surf board riding a wave in the ocean.,A man riding a wave on top of a surfboard.
97,a basket that has a fruit pile in it,A bowl of fruit and a banana in it.
98,A cat sitting in front of a bathroom mirror.,A cat sitting on a bed looking at a mirror.
99,There is the inside of a refrigerator showing food.,A refrigerator with the door open and a lot of food in it.
100,Several people are sitting around playing a video game.,A group of people sitting on a couch playing a video game.
101,A city at night with a large clock tower.,A train station with a clock tower in the background.
102,A trash man standing behind a truck next to a pile of garbage.,A man is standing next to a truck.
103,A dour young man sits on a horse.,A young girl is walking with a stuffed animal.
104,A boy standing in a skateboard park while holding a skateboard.,A young boy is sitting on a skateboard.
105,A bathroom with a black sink and a shelf with folded towels on the rack above.,"A bathroom with a sink, mirror, and a toilet."
106,A large bird is flying slightly above the blue water.,A white bird flying over a body of water.
107,A couple of boats sitting next to a dock.,A row of airplanes on a runway lined up.
108,A man holding a surfboard standing on a wave covered ocean.,A man holding a surfboard in the water.
109,A large long train on a steel track.,A train is parked in a train station.
110,A large building with a clock tower in the center of it.,A clock tower with a clock on it.
111,Woman riding bicycle on country path near wooded area.,A man riding a skateboard down a dirt road.
112,A view of a kitchen with a laptop and bananas on the counter.,"A kitchen with a sink, stove, and cabinets."
113,a person riding a surf board on a wave,A man riding a wave on a surfboard.
114,A very close up view of some very tasty looking food.,"A pizza with cheese, tomatoes, and broccoli."
115,a blue korean air airplane sitting on the track,A large airplane is on the runway at an airport.
116,A woman standing on a tennis court holding a tennis racquet.,A young girl is playing tennis on a court.
117,A baseball player swinging a baseball bat at a baseball ball.,A baseball player swinging a bat at a ball.
118,A young woman riding a white horse on a  gravel road.,A man is riding a horse in a field.
119,A bowl of cooked carrots and broccoli with a spoon.,A bowl of food with a fork and spoon.
120,A white airplane is about to fly into the cloudy sky.,A large airplane taking off from an airport runway.
121,A group of people gathered around in chairs with a laptop.,A group of people sitting on a bench.
122,a kitchen with pots and pans hanging from the ceiling,"A bathroom with a sink, mirror, and a window."
123,A kitchen counter with a sink in the middle of it.,"A bathroom with a sink, mirror, and a toilet."
124,A woman standing on a tennis court holding a racquet.,A man is playing tennis on a tennis court.
125,A green broccoli plant filled with lots of leaves.,A plate of broccoli with a sauce on it.
126,A couple of sinks in a small bathroom.,"A bathroom with a sink, mirror, and toilet."
127,An empty kitchen with wood-paneled cabinets and black appliances.,"A kitchen with a stove, refrigerator, and microwave."
128,a woman is sitting outside with a blue umbrella,A woman sitting on a bench with a cell phone.
129,a bath room with a bath tub two sinks and a window,A kitchen with a stove and a sink.
130,A person on some skis in the snow.,"A sign that says ""Keep Out"" in the middle of a forest."
131,A man coming out of the ocean onto the beach holding a surfboard.,A man walking on the beach with a surfboard.
132,A couple of men sitting across from each other at a table.,A couple of people sitting at a table.
133,A woman in white shirt and black skirt playing tennis.,A man holding a tennis racket on the beach.
134,TWO SMALL ZEBRAS WALKING AROUND INSIDE OF A GATE.,Two zebras are walking in a field near a tree.
135,A man pauses as he speaks into a microphone.,A man in a suit and tie speaking into a microphone.
136,A couple riding on the back of an elephant on a dirt road.,A group of people riding on the back of an elephant.
137,Two boats docked at a dock in a city harbor.,A boat is floating in the water near a city.
138,"Two giraffes walk along a rocky path, near a tree.",A giraffe walking on a dirt road near a tree.
139,A variety of pots sits on a chipped white table.,A blender sitting on a counter next to a cup of coffee.
140,some broccoli a piece of chicken and some white rice,A plate of food with a piece of meat and broccoli.
141,A motorcycle parked next to a street sign.,A motorcycle parked on a dirt road near a mountain.
142,a twin bed with a white comforter on it and a little table next to it,A wooden chair in a room with a wooden floor.
143,Three people sitting at an outside table near a hillside.,A man sitting at a table eating a pizza.
144,A commercial bathroom with a baby changing station,"A bathroom with a toilet, sink, mirror, and a window."
145,A yellow fire hydrant next to a child's bike.,A bicycle leaning against a fence with a cat on it.
146,A buffet filled with lots of food and people making plates.,A man is preparing food in a kitchen.
147,A giraffe is walking on the green field of grass.,A giraffe walking in a grassy field with trees.
148,A formation of fighter jets flying through a blue sky.,A plane is flying through the sky with smoke coming out of it.
149,A giraffe is near some green leafy branches,A giraffe standing in a field with trees.
150,An Air Pacific jump jet in flight in the air.,A large commercial airplane flying in the sky.
151,Surfer riding atop a Avery large wave about to jump.,A man riding a wave on a surfboard.
152,A plate that has a sandwich and a bowl of fruits on it.,A plate with a sandwich and a fork.
153,A red fire hydrant in the grass. with a building and cones in the background.,A fire hydrant is sitting in the grass.
154,A woman riding skis down a snow covered slope.,A man on skis going down a snow covered slope.
155,A zebra standing next to a lot of trees.,A zebra standing in a field eating grass.
156,Several small kids play ball n the yard of their school,A group of children playing soccer on a field.
157,Desktop computer on a white tiled desk with a table lamp.,A laptop computer sitting on a table next to a window.
158,A man holding a glass of white wine.,A man holding a cell phone in his hand.
159,A dog sits in the shade near a yellow Frisbee.,A dog is laying in the grass with a frisbee.
160,Several chairs and a bed sitting on a front porch.,A living room with a couch and chairs.
161,A young girl laying in the bed with her arm out,A baby laying on a bed with a laptop.
162,a woman holding a racquet on a tennis court.,A woman is playing tennis on a court.
163,A horseback rider is completing jumps on a course while a person watches.,A man riding a horse on a dirt track.
164,The vanity contains two sinks with a towel for each.,A kitchen with a sink and a stove.
165,a red blue yellow green and white double decker bus and buildings,A double decker bus is driving down the street.
166,A bus with Arabic writing and people on top of it.,A bus with a bunch of people on top of it.
167,Green lit tree standing over a red phone booth.,A man is standing in front of a truck.
168,A man riding a horse carriage on a road.,A man riding a horse down a road.
169,A very tall brick clock tower sitting in the middle of a city.,A clock tower in the middle of a city.
170,Players attempt to block a pass n a frosbee game.,A man is attempting to catch a baseball.
171,A herd of sheep standing next to a building.,A couple of cows standing next to a building.
172,a clocks that's  on a wall that is falling down,A bathroom with a toilet and a sink.
173,a person riding a surf board on a body of water,A man riding a wave on top of a surfboard.
174,A bird standing on the edge of a pond with vegetation.,A bird is sitting on a branch in the water.
175,a blue and yellow plane is in the sky,A large airplane flying in the sky with a red and white tail.
176,A plate of broccoli with slices of been on top of it.,A pizza with meat and cheese on a plate.
177,A person takes their sunglasses off for a photo.,A man sitting on a couch with a hat on.
178,A pair of metal scissors on top of a pile of yarn.,A pair of scissors that are sitting on a table.
179,Two women on a grassy field playing with a frisbee.,A man and a woman playing frisbee on a field.
180,A white and black bird standing in the surf,A bird standing on the beach with a fish in its mouth.
181,A train engine carrying carts down a track through a town.,A train traveling down the tracks near a forest.
182,A toilet with a full roll of paper and plunger.,A toilet with a white seat and a white toilet brush.
183,A guy on skis squatting while going down a hill.,A man in a red jacket skiing down a snowy slope.
184,A teddy bear nestled next to a swaddled baby.,A teddy bear sitting in a chair with a book.
185,A sculpture of a man on a horse.,A statue of a man on a horse in front of a clock.
186,Several motor bikes going down a city road.,A beach with people on horses and people on the beach.
187,Two white and one black sheep in the lawn.,A group of sheep gathered together in a pen.
188,A Woman feeding food with her hands to a Giraffe.,A man is feeding a giraffe from a distance.
189,A small gray elephant walking across a bridge.,A large elephant standing next to a rope.
190,Two wooden benches sitting on a field of grass.,A cat is laying on a bench in the park.
191,A skier is skiing alone down the ski run.,A person riding a snowboard down a snowy hill.
192,A market area with various baskets of fruits and vegetables.,A store filled with many different kinds of fruit.
193,A bus going down a country road,A bus is driving down a dirt road.
194,A cat is laying near a pillow on a bed.,A dog is laying on the floor in front of a door.
195,a bizarre full of fruit and people selling it,A group of people standing around a table full of fruit.
196,a coach and a table in a home living room,"A living room with a couch, a chair, and a window."
197,Double decker bus on the street near a stop light.,A bus driving down a street with a sign on it.
198,A herd of zebra standing on a lush green field.,A group of zebras standing in a field.
199,A train traveling down tracks through an area with lots of green trees.,A train is traveling down the tracks near a river.
200,A jeep parked on a beach with a man standing in front of it watching kites fly.,A man and a woman standing on a field.
201,A group of people with ski gear walk over snowy weather.,A man is standing on a snow covered field.
202,A group of men riding on the back of motorcycles.,A group of people riding horses down a street.
203,A skier slowly descends down a hill in the wintertime.,A man is snowboarding down a snowy hill.
204,A group of birds standing on a rock in the middle of the ocean,A group of birds sitting on a log in the water.
205,two black trays of different types of food and some bread,A plate of food with a sandwich and a salad.
206,"An empty city street with traffic lights, fence and construction items on the side.",A city street with a clock tower in the background.
207,A stone pavilion with a clock on the top of it.,A clock tower with a clock on the top of it.
208,A city building with a unique clock outside,A clock on a building with a clock face.
209,these men are having a meeting with cofee,A group of people sitting around a table.
210,"Close up of a stop sign with a ""4-way"" sign under it.",A stop sign with graffiti on it.
211,A locomotive train car sitting on the tracks near the dirt,A bus is parked on the side of the road.
212,A group of train engines on a large set of tracks.,A train is traveling down the tracks in a city.
213,A bathroom with a vanity mirror sitting above a toilet next to a bathtub.,A kitchen with a refrigerator and a sink.
214,White chairs sit around a polished wood dining table while a sectional sofa sits in the background.,A kitchen with a large island and a table.
215,A large propeller airplane flying through a cloudy sky.,A large airplane flying through a blue sky.
216,"A woman with a large, brown purse walks down a path while two people sit on a bench.",A group of people walking down a street with a bus.
217,A man on a surfboard on an ocean wave.,A man riding a wave on a surfboard.
218,four people sit at a table together and eat hot dogs,A group of people sitting at a table eating pizza.
219,a fully baked pizza sitting on a wooden cutting board,A plate of pasta with broccoli and cheese.
220,A woman holding a Nintendo Wii game controller.,Two men are playing a video game in a living room.
221,A clock tower that is outdoors somewhere during a sunny day.,A large white clock tower on a boat in the water.
222,A couple of zebra walking across a grass covered field.,A group of zebras standing in a grassy field.
223,A man eating a hot dog on a city sidewalk.,A man eating a sandwich with a fork.
224,A giraffe is walking through the grass .,A giraffe standing in a field of dry grass.
225,A person standing next to a building holding an open red umbrella.,A man sitting on a bench looking at a large building.
226,A picture of some stop and go lights at an busy intersection.,A traffic light is hanging from a wire.
227,A person sitting on a motor bike on the street.,A man sitting on a motorcycle in the street.
228,Two giraffes walking next to each other in front of some cliff rocks.,Two giraffes standing next to each other in a field.
229,Two plastic containers filled with food sitting on top of a table.,A plate of food with a fork and spoon.
230,A long silver train traveling through a wooded area.,A train is coming down the tracks near a city.
231,A large train is traveling down the train tracks.,A train is traveling down the tracks with smoke coming out of it.
232,A half bathroom with tile flooring and a toilet and vanity.,"A bathroom with a toilet, sink, and a mirror."
233,A man standing in front of a parking meter about to put money in it.,A man is standing on a street with a camera.
234,A very big blue shiny garbage truck on the road.,A truck is parked on the side of the road.
235,A women is talking to a hair dresser who is drying her hair with a hair dryer.,A woman is holding a horse in her arms.
236,A man and two others skiing across a snow covered field.,A man riding a snowboard down a snowy hill.
237,"An elephant in an enclosure, the picture is at an angle.",A large bird standing on a concrete floor.
238,The person is paddling a boat full of people down a narrow river.,A man in a boat with a rope attached to it.
239,Two people on rocks flying a kite in the sky.,A man and a woman flying a kite.
240,A picture of a cat and some luggage.,A cat sitting on a chair with a pillow.
241,A large field of grass with sheep grazing on the land.,A large field with many sheep grazing in it.
242,A beach covered with lots of brown umbrellas.,A row of chairs on a beach with umbrellas.
243,A man riding a snowboard down a hill.,A man riding a snowboard down a snow covered slope.
244,A little girl riding on top of a wooden skateboard.,A man on skis standing on a snow covered slope.
245,Two people sitting on a bench in from of a passing ship.,A large airplane sitting on a field with a flag.
246,Double decker bus on the street next to buildings.,A double decker bus is driving down a street.
247,"There are 3 separate dishes comprised of apple slices, sushi and tomatoes, and broccoli and noodles.",A plate of food with a cup of coffee.
248,A person holding a tennis racket in their hand.,A man is playing tennis on a tennis court.
249,A woman standing on a tennis court holding a tennis racquet.,A man holding a tennis racket on a tennis court.
250,A couple long horned cows laying on top of hay.,A herd of cattle standing in a field.
251,A stack of orange cups sitting next to a pair of scissors.,A pair of scissors hanging from a wooden wall.
252,A person standing on top of a ski slope in ski equipment.,A man on skis is standing in the snow.
253,A young man is doing a trick on a skateboard.,A man riding a skateboard on a ramp.
254,A man wearing a black hat and a vest.,A man with a hat on and glasses.
255,A room with a bed that has white and red pillows.,"A bedroom with a bed, dresser, and a window."
256,Three people in a small fishing boat fishing.,A man standing in a field with a cow.
257,A woman with a cell phone standing by a bench with people.,A man standing on a street corner with a woman standing next to him.
258,A tall giraffe is standing in front with a smaller one behind and an even smaller one behind him.,Two giraffes standing in a field next to a fence.
259,A man who is skiing down a snowy hill.,A man in a red jacket skiing down a snowy hill.
260,A  dog sitting on a purple folding lawn chair,A cat sitting on a chair with a backpack.
261,"A pizza sitting on a table, with four slices cut on it.","A pizza with cheese, pepperoni, and olives."
262,A skier in a red jacket and yellow helmet going down a hill.,A person on skis going down a snow covered slope.
263,A white and yellow passenger train sits on its rail with a tower in the background.,A train is traveling down the tracks near a building.
264,A man standing next to a street holding a red umbrella.,A woman walking down the street holding an umbrella.
265,a couple of men are laying on surfboards in the water,Two people are surfing in the ocean.
266,A woman and two dogs are beside an antique truck.,A man sitting on a motorcycle next to a truck.
267,A woman completing an obstacle course in the trees.,A man is riding a skateboard on a ramp.
268,A lone giraffe standing by a tree in the wild.,A giraffe standing in a field of tall grass.
269,A beautiful artistry of vases and flowers being staged.,A table with three vases of flowers on it.
270,A man riding skis down a snow covered road.,A man is cross country skiing in the snow.
271,Grizzly bear grazing in grassy field in daylight,A bear walking through a grassy area.
272,A street light with a street sign and a one way sign hanging off the side of it.,A street sign with a stop sign and a street sign.
273,A pizza sitting on top of a blue plate.,A pizza with a lot of toppings on it.
274,A dog who is sticking its head out of a car window.,A dog is sitting on the back of a car.
275,A bedroom with a large bed and cover with two bedroom lamps.,A bed with a laptop on it and a picture on the wall.
276,Two woman are sitting at a table with food.,A man and woman sitting in a boat with a drink in their hands.
277,a helicopter is sitting on a runway on a boat,A man riding a motorcycle with a dog in the back.
278,A cat standing inside of a suitcase that is empty.,A cat is sitting on a shoe bag.
279,A boy is jumping in the air on his skateboard.,A man is doing a trick on a skateboard.
280,An elephant stands immobile in its zoo habitat.,A horse standing in a field with a fence.
281,A very tall building with a massive clock tower.,A large building with a clock tower on top.
282,A marina filled with boats that have been tied to the ledge.,A group of boats docked in a harbor.
283,A tall tower with a clock on it,A large building with a clock tower on top.
284,A mother giraffe is nosing a young one to push it along.,Two giraffes are standing next to each other.
285,THERE IS A WOMAN THAT IS WALKING THE STREET,A woman walking down a street with a bicycle.
286,A group of people in train station between two blue and white trains.,A group of people standing next to a bus.
287,A woman standing on a cell phone by a car.,A woman wearing a hat and sunglasses talking on a cell phone.
288,Locomotive passenger train moving through green landscape,A train is traveling down the tracks near a building.
289,A neatly made bed with unique curtains in a bedroom.,A living room with a couch and a lamp.
290,Two tennis players play a game while a crowd watches.,A man is playing tennis on a tennis court.
291,A giraffe stretching his long neck towards the grass,A bird with a long beak and long legs.
292,A man holding a cat sitting in front of a laptop computer.,A man is holding a cake in front of a woman.
293,A group of young men sitting on concrete ledge eating pizza.,A man sitting on a bench eating a sandwich.
294,A older woman holding a yellow umbrella near an orange building.,A man in a suit and tie is talking on a cell phone.
295,Man in grey and red baseball uniform on a field.,A baseball player is standing on a field.
296,A man taking a swing at a tennis ball,A man swinging a tennis racket at a ball.
297,Vases with flowers are setup against a pink backdrop.,A clock with a clock face and a clock face.
298,A clean bathroom sink and shower with lights on.,A kitchen with a wooden counter top and a wooden sink.
299,a man walking down the street with a dog in front of a shop that sell fruit,A man standing in front of a store with a bunch of bananas.
300,A cat lays on a quilt on an unmade bad.,A cat laying on a bed with a blanket.
301,A giraffe walking past some tall trees on some grass,A giraffe walking through a lush green forest.
302,a tennis player on a court with a racket,A group of people playing tennis on a tennis court.
303,A living room with vertical blinds and a flat screen television.,A living room with a large window overlooking the ocean.
304,A red and blue train traveling through a rural countryside.,A train is traveling down the tracks near a station.
305,A girl petting an elephant's trunk in an enclosure.,A man standing next to a horse in a zoo.
306,A cat laying next to a pair of black shoes.,A cat laying on the floor next to a pair of shoes.
307,Street signs on freeway with trees and sky,A highway with a sign on it and a car driving down the road.
308,A polar bear is swimming in the water.,A polar bear swimming in a pool of water.
309,The bathroom is all white and has no towels.,"A bathroom with a sink, mirror, and toilet."
310,A white plate topped with spaghetti and broccoli.,"A plate of broccoli, carrots, and a few other vegetables."
311,A grey and white cat sleeping on a wooden bench.,A cat laying on a bench in the grass.
312,A woolly sheep seen through a chicken-wire fence in an overgrown pasture.,A sheep is laying in a field with a fence.
313,this is a woman playing a video game on tv,A man playing a video game with a remote.
314,A herd of elephants walking along a dry grass field.,A horse is grazing in the grass near a mountain.
315,A street with motels and lodges and cars driving down the street on both sides.,A street with a lot of different signs.
316,A man sleeping on a wooden bench next to a bag of luggage.,A man sitting on a couch in a living room.
317,Two gray elephants fighting each other bumping heads.,Two elephants standing in a field next to each other.
318,Surfer getting airborne while riding large wave in ocean current.,A man riding a wave on top of a surfboard.
319,Some flowers are in water in a glass vase.,A vase with a bunch of flowers in it.
320,A giraffe standing very tall in a zoo enclosure.,A giraffe standing in a dirt field next to a fence.
321,a dog smiling as it sticks its head out a car door,A dog is sitting in a car with his mouth open.
322,A white microwave oven sitting on top of a table.,A small television mounted on a wall.
323,Brown bear walking around in river looking for fish,A bear walking through a forest with a tree in the background.
324,A black and white cat sitting on top of  a pillow in a chair.,A cat laying on a couch in a living room.
325,A crowd of people standing around a wooden bar.,A group of people sitting around a table.
326,"The stands full of people at a baseball game behind the hitter, catcher and umpire.",A baseball player swinging a bat at a ball.
327,the start of a broccoli stalk in the garden,A bunch of green leaves in a pot.
328,A young surfer surfboarding in the ocean doing tricks,A man riding a wave on a surfboard.
329,a person wearing a snowboard while jumping in the air above the snow,A man riding a snowboard down a snowy hill.
330,Busy road in the middle of a very large scale city.,A city street with a lot of traffic.
331,A person on a motorcycle with spectators in the background.,A man riding a motorcycle on a dirt track.
332,Man and woman exchanging words on stage with horse,A man riding a horse in a circus.
333,A giraffe on the plains with a mountain in the background.,A cow standing in a field with mountains in the background.
334,A boat is going down a green colored river.,A boat is floating in a river near a building.
335,"A group of fruit and various vegetables including pears, apples, oranges bananas and carrots.",A bunch of bananas and other fruits on a table.
336,a male tennis player in a white shirt,A man is playing tennis on a tennis court.
337,Two zebras walking side by side in an enclosure,A zebra standing next to another zebra in a field.
338,a silver stove sits next to a counter top,"A kitchen with a stove, sink, and a microwave."
339,Man on a skateboard wearing helmet and knee pads safety gear.,A man riding a skateboard down a street.
340,a group of people sitting at a table eating pizza,A group of people sitting around a table eating pizza.
341,A computer that is sitting on top of a desk.,A computer desk with a laptop and a monitor.
342,A group of people on skis that is standing in the snow.,A group of people on skis on a snowy road.
343,A woman standing on a tennis court holding a racquet.,A man holding a baseball bat on a baseball field.
344,"A bed rooom that has a bed, small in table, waste can and a lamp.",A bed with a blanket on it and a window.
345,A group of people surfing with wave in the background.,A group of people riding waves on surfboards.
346,a yellow bellied bird perched on a tree limb with its beak open,A bird is perched on a wooden post.
347,A long park bench is along the path by trees.,A bird is sitting on a bench in a park.
348,A group of people standing on top of a beach.,A group of people on a beach flying kites.
349,A yellow bird perched on leafy  tree branch,A bear is sitting on a tree branch.
350,A single zebra grazing in a grass field.,A zebra grazing in a field with trees in the background.
351,A very neat cubicle with a rolling chair.,"A kitchen with a stove, sink, and a refrigerator."
352,an image of an alley way with bikes parked,A view of a city street from the inside of a building.
353,A passenger plane is taking off from a runway,A man riding a motorcycle on a dirt track.
354,The produce department of a market with fruits of all kinds in it.,A market with a lot of different fruits and vegetables.
355,A man holding a tennis racket with two hands on the green ground.,A man holding a tennis racket on a tennis court.
356,A green and white fire hydrant on sidewalk next to people.,A horse standing in a field with a man standing behind it.
357,A kitten makes itself comfortable on the keyboard of a laptop computer.,A cat is laying on a laptop computer.
358,A zebra standing up by some thin branches.,A horse with a halter on its head.
359,A SIGN THAT SAYS NO BIKES ARE TO RIDE,A man walking down a sidewalk next to a sign.
360,Two children are looking at a fire hydrant.,A man and a woman standing next to a fire hydrant.
361,A truck has a dog in the bed who is looking over the side.,A white dog sitting on top of a boat.
362,A wooden bowl filled with green apples and wooden spoons.,A plate of food with a fork and a spoon.
363,A bathroom with a walk in shower next to a sink under a mirror.,"A bathroom with a toilet, sink, and shower."
364,A woman wearing a robe and a scarf is snarling.,A woman in a red shirt standing in a kitchen.
365,"Three elephants, one being much smaller, are in the wild.",A group of elephants standing in a field.
366,A man in a brown suit standing next to a window with curtains.,A man in a suit and tie standing in a room.
367,A white jet with blue and orange detailing sits on the runway.,A large airplane sitting on top of a runway.
368,an elephant on a dirt ground behind a fence,A cow standing next to a red bag on the ground.
369,A white container filled with a sandwich and lots of vegetables.,"A sandwich with meat, cheese, and a side of vegetables."
370,A metal tray filled with food on top of a stove top.,A pan of vegetables and meats on a stove.
371,Large grey elephant walking around an enclosure at a zoo.,A large elephant standing on a log in a zoo.
372,A dining room bathed in red light with a floral arrangement.,A room with a fireplace and a large mirror.
373,A woman laying on a beach next to a colorful umbrella.,A group of people standing under a colorful umbrella.
374,A group of people on skis on a snow covered slope.,Two people are skiing on a snowy mountain.
375,'A man riding on the back of a black horse.,A man riding a horse in a field.
376,A vase of white flowers and greenery on a table.,A vase of flowers sitting on a table.
377,a person in red wearing a woven hat on a boat with fruits,A man standing on a pier with a fire hydrant.
378,a man riding a wave on a surfboard.,A man is kite surfing in the ocean.
379,"A large bus drives through a city, across a bridge",A train is traveling down a track in a city.
380,White car parked in a lot with two surfboards on top.,A group of cars parked in a parking lot.
381,An aerial shot of a show boarder overhead.,A man is flying through the air on a snowboard.
382,A picture of a Street during the nighttime.,A street with a stop sign and a car.
383,a close up of an elephant with trees in the background,Two elephants standing in a field of tall grass.
384,A man riding a surfboard on a wave in the ocean.,A man riding a wave on a surfboard.
385,A group of planes flying in the sky letting out smoke,A group of airplanes flying in formation in the sky.
386,A bathroom has a white brick wall and a two drawer cabinet and a toilet.,"A bathroom with a toilet, sink, and shower."
387,A baseball player swinging a bat while standing next to home plate.,A baseball player swinging a bat at a ball.
388,A bird sits on a car's rear view mirror.,A cat is sitting on top of a sink.
389,a white counter in a wood cabinet kitchen,"A living room with a couch, chair, and a table."
390,three people on skis pose on a snowy hill,Three people are standing on a snowy hill.
391,A big and smaller sheep outside looking towards the camera.,A group of sheep standing on a dirt road.
392,A bird standing on some sea weed in the water.,A bird standing on a rock in the water.
393,A kitchen with cabinets that have glass doors,A kitchen with a large island and a refrigerator.
394,A couple of horses graze while a dog looks on,A herd of cows standing in a field.
395,A group of cars is waiting at a traffic stop.,A street with a traffic light and a building in the background.
396,a living room with a couch a table and a chair,A dog is laying on a bed in a room.
397,A desktop computer keyboard sitting on top of a desk.,A person sitting on a couch with a laptop and a bottle of wine.
398,A stop sign is hanging over the street on a holder.,A traffic light hanging over a street.
399,A dog lays on a bench in a park.,A cat sitting on a bench in a park.
400,A train sits in a station at an empty platform.,A bus parked in front of a building.
401,Two cars driving under a street sign on a highway.,A car driving down a street with traffic lights.
402,A bathroom with wall to wall mirror and sink,A bathroom with a sink and mirror in it.
403,two big black bears laying on some rocks and taking a nap,A cat laying on a chair with its head down.
404,A small kid standing in a field with a Frisbee.,A young boy is walking on a field with a soccer ball.
405,A close up view of a street traffic light.,A stop sign with a street sign attached to it.
406,A bunch of ripe bananas sitting on a cutting board next to Grape-nuts and yogurt.,"A sandwich, a drink, and a bag of chips."
407,A street scene showing a group of cars stopped at a red light.,A street with a lot of traffic and a stop sign.
408,A close shut of a dog with its tongue out.,A cat is sitting in a car with a window open.
409,Cows in a pastoral setting grazing in the grass.,Two cows grazing in a field of tall grass.
410,Motorcycle sitting in front of a garage with old doors.,A fire hydrant next to a brick wall.
411,A giraffe is grazing on a tree in the wild.,A giraffe standing in a grassy field with trees.
412,Two boats floating along a lake surrounded by mountains.,A beach with a bunch of orange surfboards.
413,Two giraffe stand in a field with tall grass and trees.,Two giraffes standing in a field of grass.
414,An abundance of fruit and vegetables are sold in this market.,A man standing next to a bunch of bananas.
415,A man wearing a tie and glasses looks down,A man in a suit and tie is smiling.
416,Two adults in a rec room playing with Wii game controllers,Two women sitting on a couch playing a video game.
417,A woman sitting on a wooden bench talking on a phone.,A woman sitting on a bench talking on a cell phone.
418,A food entree with a salad is served in a dish.,A plate of food with a salad and a sandwich.
419,A person flying a kite high up in the sky.,A man flying a kite on a beach.
420,a kitchen that has a icebox in it,"A kitchen with a refrigerator, microwave, and a sink."
421,"A living room with couches, chairs, and tables.",A living room with a television and a couch.
422,"A modern round sink is white, with lotion bottles beside it.",A stove with a pot on it and a kettle on it.
423,A white plate topped with pasta and two slices of pizza.,A sandwich with a side of fries on a plate.
424,A young boy riding a skateboard down a sidewalk.,A man riding a skateboard on a concrete surface.
425,A group of three men wearing suits and ties standing on a street corner.,A group of people walking down a hallway.
426,A surfer on a yellow surf board wiping out,A man riding a wave on a surfboard.
427,A person riding skis down a snow covered slope.,A person riding skis down a snowy hill.
428,A white toilet sitting in a bathroom next to a sink.,"A bathroom with a toilet, sink, and shower."
429,A bathroom with a toilet and a sink with a cup on it.,"A bathroom with a sink, toilet, and a mirror."
430,A computer desk topped with lots of computers.,A desk with a computer and a monitor on it.
431,A herd of giraffe at a zoo standing next to each other.,A group of giraffes standing next to a tree.
432,A white dog sits in the sand underneath a beach chair.,A zebra laying on a rock in the sand.
433,Some big birds are sitting on highest twigs of a tree.,A group of birds flying around a tree.
434,A diverse group of people seated around small white tables.,A group of people sitting at a table.
435,white galley kitchen with messy counters and sunny window,A large kitchen with a large counter top.
436,A herd of sheep laying on top of grass.,A group of sheep standing on a grassy field.
437,two phones are sitting next to each other on the floor,A plate of food with a fork and knife.
438,A zebra eating grass in front of some small bushes.,A zebra standing in a field eating grass.
439,A white plate containing a salad and a sandwich.,A plate of food with a salad and a sandwich.
440,A male skier with an Olympic number bib on and flags and a Vancouver 2010 sign in the background.,A man holding a tennis racket on a tennis court.
441,A bench sitting at the end of a pier next to a body of water.,A large clock tower sitting on top of a building.
442,A couch and a table in a room.,"A kitchen with a stove, sink, and a table."
443,A group of people that are sitting around a table.,A group of people sitting around a table.
444,A tall giraffe standing on top of a grass covered field.,A giraffe standing in a field with trees.
445,A brown horse pulling a family in a sled.,A man riding a horse drawn carriage with two dogs.
446,A bathroom sink sitting under a bathroom mirror.,A bathroom with a bathtub and a sink.
447,A red train traveling down train tracks through a rural countryside.,A red train is traveling down the tracks.
448,a room with a couple of computers inside of it,A computer desk with a laptop and a monitor.
449,The brown building is really tall with lots of windows.,A clock tower with a clock on the top.
450,The living area is open and brightly lit by the tall window.,A room with a large clock on the wall.
451,A business man at a banana stand looking at a newspaper.,A woman standing next to a bunch of bananas.
452,Man in jacket skiing down snow covered hill.,A man skiing down a snow covered slope.
453,A crowd of people standing around a ski slope.,A group of people standing on a boat in the water.
454,a large jet airplane parked on a runway with people surrounding it,A large airplane parked on a runway.
455,a number of cows in a field near trees,A herd of elephants walking through a forest.
456,Someone snow skiing rapidly down a steep hill,A man riding skis down a snow covered slope.
457,A white bathroom with pedestal sink and small cabinet and daylight window,"A bathroom with a toilet, sink, and mirror."
458,A zebra is eating from the tall brown and green grass.,A zebra grazing on a grassy field.
459,The children are learning how to properly ski.,Three men walking down a sidewalk with suitcases.
460,A man riding a surfboard on a wave in the ocean.,A man is snowboarding down a snowy hill.
461,A person feeding a kitten a bottle of milk.,A dog is being fed a piece of fruit.
462,A man riding a skateboard next to a dividing rail next to a street.,A man riding a skateboard down a road.
463,A horse walking next to a brown dog in a field.,A cow and a sheep grazing in a field.
464,A tall building with a courtyard with lots of trees.,A street with a stop sign in the middle of it.
465,A man wearing a tuxedo standing behind a microphone.,A man in a suit is talking on a cell phone.
466,The man is about ready to surf on the water.,A man riding a surfboard in the ocean.
467,two white brown and black birds on the grass,A giraffe standing on top of a tree.
468,A group of sheep gathers under a tree in a grassy field.,A herd of sheep standing in a field.
469,"there are giraffes, one is on the floor",A group of giraffes standing in a zoo enclosure.
470,A full view of a bathroom with the shower and mirror next to it.,"A bathroom with a sink, mirror, and a toilet."
471,A man riding a surfboard along a wave.,A man riding a wave on top of a surfboard.
472,Zebras grazing on grass in large open area near trees.,A group of zebras grazing on a grassy field.
473,A cat peeks out from behind a slightly opened door.,A cat is standing in a bathroom looking out the window.
474,a man shaking the hand of a man in a wheel chair,A man and woman standing next to a suitcase.
475,Elephant walking on dirt path near forested area.,An elephant is standing in the grass with tusks.
476,Two dogs that are sitting on a boat.,A cat sitting on the side of a boat.
477,A woman standing in a kitchen wearing a white outfit.,A man standing in a kitchen holding a Wii remote.
478,a tower with a clock is on top if a building,A large building with a clock tower in the background.
479,A longboarder squats to take a tight curve.,A man is skiing down a snow covered slope.
480,A bench is in front of a flower bed.,A bench sitting on a sidewalk in front of a building.
481,A small black cat sitting on the window of a car.,A cat sitting on a bench in front of a car.
482,A giraffe is trotting across a green grassy field.,A giraffe walking in a field with trees in the background.
483,A person that is about to ski in the snow.,A man on skis standing in the snow.
484,a cow standing beside a group of trees,A brown horse standing in a field near a river.
485,There are many motorcycles lined up neatly.,A group of motorcycles parked in a garage.
486,A lake sitting next to a lush green forest.,A bench sitting next to a river with a boat in the background.
487,A large triple layer cake on top of a white table.,A cake with a train on top of it.
488,Jeep driving down the street with no traffic around it towards the green light,A city street with a traffic light and a building.
489,A wooden kitchen table with three wooden chairs.,"A kitchen with a stove, sink, and a refrigerator."
490,two halves of an orange and a knife,A piece of cake sitting on a plate.
491,A courtyard leads out to the street and a bridge.,A large clock tower in the middle of a city.
492,Two people playing frisbee in a grassy field,Two men are playing a game of frisbee on a field.
493,A person on skis turned sideways on a snowy hill.,A man on skis standing in the snow.
494,A row of houses with large chimneys and pointy roofs..,A street with a clock tower and a street sign.
495,Several horses are huddled closely in front of a mountain range.,A herd of cattle standing on a hillside.
496,A man has two kites flying in the ocean.,A man is kite surfing in the ocean.
497,A herd of cattle standing on top of a green field.,A group of horses standing in a field.
498,Woman holding her tennis racquet as she prepares for the next serve,A woman holding a tennis racket on a tennis court.
499,Several large elephants standing in a mud field.,Two bears are standing in a field together.
500,A group of elephants standing next to each other.,Two elephants standing next to each other in a water hole.
501,Two people snow boarding down a ski slope.,A group of people skiing down a snow covered slope.
502,There are two red double decker buses in a road.,A double decker bus is parked in front of a building.
503,A baby elephant playing in a lush green forest.,An elephant is walking through a forest.
504,Two giraffes that are standing in the grass.,Two giraffes standing next to each other in a field.
505,A zebra with black and white stripes standing around.,A zebra standing next to a wooden fence.
506,A full fridge door sits open in an empty kitchen,A small kitchen with a stove and refrigerator.
507,A man in a grey jacket and glasses holding a donut.,A man holding a doughnut in front of him.
508,a desk with a laptop and monitor and keyboard,A computer desk with a laptop and a monitor.
509,A man that is on a surfboard in the water.,A man riding a wave on a surfboard.
510,A yellow and gray train parked at a train station.,A train is pulling into a train station.
511,Two trains traveling side by side down the tracks,A train is traveling down the tracks near a field.
512,An empty double decker bus is parked in a lot.,A red bus is parked on the side of the road.
513,A brown kitchen filled with appliances and a refrigerator covered in magnets and papers.,"A kitchen with a refrigerator, stove, and cabinets."
514,there is a baseball game on and a player is preparing to run,A man swinging a bat at a ball.
515,A bunch of different types of fruits in a carton.,"A bowl of fruit with bananas, apples, and oranges."
516,A large bear walking across a grass covered hillside.,A horse is walking through a grassy field.
517,A white plate topped with fries and cut in half sandwich.,A plate of food with a hot dog and fries.
518,a dock with many boats docked and also a black raft boat,A group of boats parked in a harbor.
519,A green and white book sits on a bed.,A book with a picture of a cat on it.
520,A bagel burger and a wire basket of fries on top of a wooden table.,A sandwich with a side of fries and a drink.
521,some zebras standing next to each other and eating some grass,A zebra grazing on a grassy field with a giraffe
522,African man holding out hand to baby elephant,A man standing next to a brown horse.
523,A group of animals walking down a dirt road.,A group of bears standing in a field.
524,a girl riding a horse holding her hat,A man riding a motorcycle on a city street.
525,A couple of zebra standing next to each other on a field.,Two giraffes are playing in the water.
526,A snowboarder in red and orange snow gear picks himself up off the snowy ground.,A person is skiing down a snow covered slope.
527,"A woman with a red hat, sunglasses, and red parasol on the beach.",A woman holding a colorful umbrella in the rain.
528,Individuals taking picture and posturing before a Polaroid.,A group of people riding skis on a snow covered slope.
529,Two men sitting on top of a white toilet.,A man and a woman sitting on a toilet.
530,A man hugs a woman as they sit in the snow with snowboards on.,Two people sitting on the snow with their snowboards.
531,The cows are standing in a foggy field.,A cow standing in a field under a cloudy sky.
532,A couple of cows laying on top of green grass covered field.,Two sheep standing on top of a hill.
533,Two giraffes standing by a tree with a forest in the background.,A giraffe standing next to a tree in a zoo.
534,A seagull looking in a window with a city in the background.,A cat is sitting on a window sill looking out.
535,A single elephant alone in a natural habitat.,A large elephant standing in a field of grass.
536,A variety of foods on a white plate.,A plate of food with a banana and a slice of bread.
537,a couple of large airplanes that are parked in a parking lot,A truck is parked next to a building.
538,A computer desk with a laptop in an open room.,A laptop computer sitting on a desk next to a monitor.
539,A woman is skiing down a snowy slope with mountains around her.,A man is standing on a snow covered hill.
540,A large clock tower with a large white clock.,A clock tower with a clock on the top.
541,a bird on the branch looking around near some leaves,A bear is in the water with a spray of water.
542,There is young man holding a baby closely.,A baby is sitting on a toilet with a cat.
543,A statue above a clock on the face of a building.,A large building with a clock on top.
544,A small boat on a calm mountain lake.,A boat is traveling down the river with a mountain in the background.
545,A room in a house with stairs in the back.,A kitchen with a table and chairs and a fireplace.
546,"A living room area with a couch, table and chairs, and a television on top of a piece of furniture.",A living room with a television and a couch.
547,A desktop computer monitor sitting next to a bed.,A living room with a television and a computer.
548,A smart phone hooked up to a charger sitting on a table.,A cell phone is sitting on a table.
549,A large Thai jetliner parked on an airport tarmac.,A large airplane sitting on top of an airport runway.
550,A young girl and suited man are in a school atmosphere.,A man and woman standing in front of a display of food.
551,A herd of sheep standing on top of a grass covered hillside.,A herd of sheep standing in a field.
552,there are many birds flying around a tower.,A group of birds flying in the sky.
553,A little lap dog sitting on a bench.,A small bird sitting on a wooden bench.
554,Park bench on snowy elevated viewing area above city.,A view of a city from a window.
555,"A passenger jet airliner with the word ""AIRFRANCE"" is in the air in front of a cloudy sky.",A large airplane flying through a cloudy sky.
556,a cat rests its head under a blanket,A cat peeking out from under a blanket.
557,Boys are playing baseball on a baseball field.,A man holding a tennis racquet on a tennis court.
558,A couple of people standing in a field flying a kite.,A man and a woman flying a kite in a field.
559,a monkey holding onto a banana and apple,A young boy holding a banana in his hands.
560,A wooden table topped with plates of food.,A table with a bunch of food on it.
561,two man sit at a table in a restaurant,A group of people sitting at a table with plates of food.
562,A large group of zebra on a grass field.,A couple of sheep standing in a field.
563,Two red vases sitting on top of a white table.,A couple of oranges sitting next to each other.
564,Several train tracks with a train on one of them.,A train is traveling down the tracks near a city.
565,Several zebras are huddled together and a log is visible in the background.,A group of zebras standing in a field.
566,A couple of cows standing on top of a grass covered field.,Two sheep are grazing in a field.
567,Two brown bears on a rock wall next to a tree.,A mother and baby elephant standing in a field.
568,A bathroom with a large mirror under vanity lights.,"A living room with a couch, a chair, a table and a fireplace."
569,An umbrella covered table sitting outside of a restaurant.,A tent with a table and chairs under it.
570,A man sitting at a table with a plate of food.,A woman sitting at a table with a glass of wine.
571,A wooden table sitting in front of a couch on the floor.,"A living room with a couch, a coffee table, and a fireplace."
572,a small toilet is in a bathroom down a hallway,A toilet in a small bathroom with a door open.
573,A giraffe standing next to a green palm tree.,A giraffe standing in a field with trees.
574,A woman holding a tennis racquet wearing a short skirt.,A man is playing tennis on a tennis court.
575,The cow is perched on a rather steep hill.,A cow is standing on a hillside with mountains in the background.
576,a close up of a horse in a field with a sky background,A horse is standing in a field of grass.
577,A man in cowboy boots is sitting on a horse.,A man riding a horse in a field.
578,A pretty young woman holding an umbrella while standing on top of a hill.,A statue of a man sitting on a bench.
579,The meal on the table is ready to be eaten.,A plate of food with a piece of meat and vegetables.
580,A pen and pair of scissors next to a pair of tabs.,"A pair of scissors, a ruler, and a ruler."
581,A giraffe standing on top of a lush green field.,A giraffe walking on a dirt road in a field.
582,Three small oranges being held in one hand.,A person holding a bunch of oranges in their hand.
583,a boy is in a field holding a ball,A young boy holding a baseball bat in his hands.
584,A man standing beside of a horse out in a field area.,A man in a suit standing next to a woman in a dress.
585,A light brown elephant putting something in its mouth with its spout.,An elephant is walking through a grassy field.
586,Two elephants intertwining their tusks and trunks to fight.,Two elephants are standing in a field.
587,A close-up photo of a white and brown cow.,A black bear with a white spot on its face.
588,Woman sitting on a horse walking on gravel.,A woman riding a horse on a dirt road.
589,A giraffe standing in a forest next to green leaf filled trees.,A giraffe standing in a field of trees.
590,A kite flying in the sky over trees.,A kite flying in the sky above a tree.
591,A horse that is looking over the camera man.,A horse is standing next to a man in a fenced in area.
592,There are several motorcycles at the side of the road.,A group of people standing around a group of motorcycles.
593,a couple of guys that are walking to a plane,Two men in polo shirts walking in a field.
594,Baseball player about to fall that during the game,A baseball player is holding a bat during a game.
595,A couple of sheep standing next to each other.,A bird is sitting on a branch with another bird.
596,An adult and baby elephant on top of dirt.,A baby elephant is walking in the dirt.
597,A man is giving a dog something to eat.,A man and a child standing in a kitchen.
598,Bowl of fruit with bananas and apples on a table.,A bowl of fruit on a table with bananas and apples.
599,Assortment of foods being cooked on outdoor grill.,A plate of food with a sandwich and a cup of coffee.
600,A boat named Dirty Dog has two seagulls sitting on it.,A bird sitting on the back of a motorcycle.
601,A field of sheep on a dirt lot around farmers.,A group of people standing in a field with sheep.
602,Large giraffe standing next to a building inside a zoo enclosure.,A giraffe standing in a field with a fence.
603,A person that is using a pair of skis.,A man on skis on a snow covered slope.
604,An orange truck parked on the side of a road near a green field.,A yellow truck parked in a parking lot.
605,A train traveling down train tracks near a station.,A large truck is parked on the side of the road.
606,A young man sits on a bench talking on a cell phone.,A man sitting on a bench talking on a cell phone.
607,a head shot of a giraffe with another giraffe in the background,A giraffe is standing in a field with trees.
608,An old rabbi with a bear sitting on top of a bench.,A woman sitting on a bench next to a wall.
609,An elephant is doing tricks for a crowd.,A statue of a tiger sitting on a bench.
610,a motorcycle resting at a stand still outside a gas station,A truck is parked outside of a building.
611,A passenger jet coming in for a landing over a big city.,A plane flying over a city at sunset.
612,A man who is sitting down reading something.,A man sitting on a bench reading a book.
613,A man and a woman are standing besides a parking meter on an urban and colorful city street.,A man and a woman standing next to a fire truck.
614,A cat poking it's head through a small window in a stone wall.,A cat is looking out of a window.
615,"Two liquor bottles tower over two partly filled glasses atop a bar counter, as people chat in the background.",A table with a bottle of wine and a glass of wine.
616,Brown bear walking through a creek near trees.,A bear walking along a river bank.
617,A small bathroom with brightly painted blue walls,"A bathroom with a sink, mirror, and toilet."
618,A person in a black full body wetsuit riding a surfboard on a wave in the water.,A man is surfing in the ocean with a kite.
619,Group of men in green and gray uniforms on a baseball field.,A group of young men playing a game of soccer.
620,Sidewalk next to a freeway on a cloudy day with a red bus.,A stop sign on a street in the middle of a city.
621,A man riding a bicycle using a phone on a city street,A man riding a skateboard down a city street.
622,traffic lights a stop sign and street lights,A street with a stop light and a street sign.
623,A lone giraffe is standing close to the camera man.,A giraffe and a zebra standing in a field.
624,A gray sheep eating green grass on the side of a hill.,A horse grazing in a snow covered field.
625,White cows eating grass under trees and the sky,A herd of sheep standing in a field.
626,SOME GOOD WAVES FOR TWO SURFERS IN THE OCEAN,A man riding a wave on a surfboard.
627,Two people are sitting on a bench looking over the water.,A couple sitting on a bench looking at the water.
628,A clock tower with dark clouds behind it.,A clock tower in the middle of a field.
629,A man riding a skateboard up the side of a ramp.,A man riding a skateboard on a ramp.
630,A grey cat laying on a mat on a sofa.,A bed with a white sheet and a pillow on it.
631,a giraffe is standing in a dirt field,A giraffe standing in a field with a fence.
632,A couple of birds swimming across a body of water.,Three birds are standing on a beach with a sand bottom.
633,A marble table topped with four smart phones.,A group of cell phones sitting on a table.
634,A woman riding a bike down a bike trail.,A man on skis standing on a snow covered slope.
635,a living room filled with furniture and a flat screen TV.,"A bedroom with a bed, a dresser, a television, and a window"
636,A person surfing a wave in the ocean.,A man riding a wave on a surfboard.
637,A large light brown horse standing next to a baby horse.,A herd of sheep standing in a field.
638,A brown and white dog standing net to grass.,A black and white bird sitting on a rock.
639,A pan with several blueberry muffins in it.,A plate of donuts on a table.
640,A group of boats sitting on the shore of a beach.,A group of boats sitting on the beach with a bunch of fish.
641,Two polar bears inside a zoo enclosure.,A couple of sheep standing next to each other.
642,A buoy near a tug boat pulling a barge in the ocean.,A boat is parked in the middle of a field.
643,An old fashioned table lamp on a bed side table in a hotel.,A toilet sitting in front of a wall.
644,The clock tower is in front of the mountains.,A large building with a clock tower in the background.
645,The two uncooked pizzas each have different toppings.,A pizza with a variety of toppings on a table.
646,Group standing on a slope in ski gear and jackets.,Two people standing on a snowy mountain with skis.
647,A man surfing waves on a surfboard in the ocean.,A man riding a wave on a surfboard.
648,A couch and a chair in a small room.,"A living room with a couch, a chair, a table and a fireplace."
649,A man walking into the ocean while holding a surfboard.,A man is surfing in the ocean.
650,A woman is holding a rainbow umbrella on a sunny day.,A man holding a baseball bat in his hand.
651,A group of people on wet suits sitting on surfboards in the ocean.,A group of people are in the water on a boat.
652,a dog is laying in a bed at home,A dog laying on a bed with a blanket.
653,A group of young men sitting on a dock over a lake.,Three men are sitting on a ledge with a surfboard.
654,There is a bench sitting on someones front porch.,A clock tower with a clock on it.
655,A bowl filled with oranges on top of a wooden surface.,A plate of oranges on a wooden table.
656,a group of men standing near a table filled with pizzas,A group of people standing around a table with pizzas.
657,A bathroom with a white toilet sitting next to a bath tub and sink.,"A bathroom with a toilet, sink, and shower."
658,A clock is connected to the top of a building.,A train station with a clock tower in the background.
659,The old clock has a small sign above it.,A clock that is hanging on a wall.
660,a living room with a tv and book case inside,A kitchen with a table and chairs and a refrigerator.
661,The young boy is eating his donut and watching tv.,A young boy eating a doughnut in a restaurant.
662,A train passing through an open bridge over water,A train is parked on a bridge over a river.
663,A zebra standing around in the middle of  dessert.,A group of zebras standing on top of a dirt field.
664,A man riding a snowboard down a snow covered slope.,A man riding a surfboard on a wave.
665,A plane on the runway under cloudy skies.,A large airplane sitting on a runway at night.
666,Airplanes are parked on the tarmac of an airport.,A large airplane sitting on top of an airport tarmac.
667,A long table line with plates of food and glasses of wine.,A table with a bunch of glasses on it.
668,A female tennis player in the middle of the play.,A woman is playing tennis on a tennis court.
669,A lap top sitting on the corner of a desk un-attended.,A laptop computer sitting on a desk next to a chair.
670,a side view of a vintage style harley davidson motorcycle,A motorcycle parked on a street with a sign.
671,A couple of men standing on top of a snow covered slope.,A group of people riding skis down a snowy slope.
672,A black cow standing next to a small dog.,A zebra and a giraffe standing in a field.
673,The inside of a bathroom with two sinks.,"A bathroom with a sink, toilet, and mirror."
674,A bird is tethered to a small hump of fake grass.,A bird is perched on a metal post.
675,A woman bending over to tend to two kids.,A group of people standing on a beach.
676,A laptop is on with a book an note pad sitting next to it.,A laptop computer sitting on a desk with a laptop and a mouse.
677,A zebra is standing in the grass facing forward.,A zebra standing in a grassy field with a giraffe in the
678,A baby laying next to a large brown teddy bear.,A baby is holding a stuffed animal.
679,"A man wearing glasses and a shirt and tie poses for a photo outside, in a courtyard",A man standing in front of a large pile of bananas.
680,Three brown cows grazing in field with trees in background.,Two cows grazing in a field with a halter on.
681,a person on skis making her way up a snowy mountain,A man is skiing down a snowy hill.
682,A fire hydrant in the park is rusted and old,A motorcycle parked on a dirt road.
683,some baseball players are playing baseball on a field,A baseball player swinging a bat at a ball.
684,A woman holding a tennis racket on a court.,A man is playing tennis on a clay court.
685,The lonely lighthouse serves as protection for ocean goers.,A plane flying over a body of water.
686,A baseball player is getting ready to pitch the ball.,A man is playing tennis on a tennis court.
687,Three young baseball players waiting at the door of a dugout.,Three men sitting on a bench with their cell phones.
688,Two zebras standing head to head in an exhibit.,Two zebras standing next to each other in a zoo.
689,A man in brown jacket doing a trick on a snowboard.,A man on a snowboard jumping over a ramp.
690,A laptop and keyboard are sitting on a white desk in a hotel room.,A living room with a television and a laptop computer.
691,A table with a red tablecloth and a vase of flowers.,A picture of a boat on a beach.
692,The two trains are parked side by side one another on the railroad tracks.,A train is traveling down the tracks near a train station.
693,a very large giraffe that is bent over a fence,Two giraffes are standing next to each other.
694,A large brown horse standing on the inside of a barn.,A stuffed animal is peeking out of a window.
695,A smaller elephant reaching for an older one with its trunk.,Two elephants are standing next to each other.
696,"A bathroom with a bathtub, toilet, and other items.","A bathroom with a toilet, sink, and shower."
697,These signs denote the streets in front of a stadium,A street sign is in front of a building.
698,A man sitting in front of a laptop computer.,A man sitting in a living room with a laptop.
699,A red and black suitcase and a black duffel bag on some grass.,A bag of chips and a bottle of soda.
700,"Two people, formally dressed, are smiling for the camera.",A man and a woman standing next to each other.
701,This trees has a lot of oranges growing on it.,A tree with apples growing in the middle of a forest.
702,A cat lies in the window sill of the bedroom.,A bed with a mattress and a desk in it.
703,A plate of fruit on a table next to a vase.,A plate of vegetables and fruit on a table.
704,A group of pandas hanging out in a tree.,A group of giraffes are sitting under a tree.
705,A group of giraffe standing next to each other on a dry grass field.,A group of giraffes walking across a grassy field.
706,Three dogs running together in a field of grass.,A dog is running with a sheep in a field.
707,A man in wetsuit waterskiing with people watching.,A man is standing on a surfboard in the water.
708,A little boy sitting on top of a brown couch next to a remote control.,A man sitting on a couch holding a Wii controller.
709,a bear in the middle of a road,A black bear standing in the snow.
710,A snowboarder links turns down the snowy hill.,A man is skiing down a snowy hill.
711,A couple of men fighting over a green frisbee.,A man and a woman are playing with a frisbee.
712,A red motorcycle on a carpet inside of a house.,A motorcycle parked on a sidewalk next to a building.
713,a man on a skateboard rides his skateboard down the railing of a stairway,A man riding a snowboard on a rail.
714,A horse eating hay in a open yard.,A cow standing in a field next to a fence.
715,A plate of food with chicken and vegetables.,A plate of food with broccoli and meat.
716,A woman is knelled over and milking a cow.,A man is petting an elephant's trunk.
717,The plate is full of banana and orange slices.,A bowl of fruit on a table with bananas and a lime.
718,A dog is looking out of the open window of the truck.,A cat is sitting in the car window.
719,a large clock with roman numerals is hung from a building,A clock tower in the middle of a city.
720,so many people and vehicles on the street and road signs also,"A street sign that says ""No Parking"" on a street."
721,a man is looking at his cellphone outside,A man standing on a street corner with a bicycle.
722,A bathroom with a white toilet next to a sink.,A kitchen with a table and chairs and a stove.
723,A group of people riding horses along the beach.,A group of people riding horses on a beach.
724,Bananas are set out on a fruit display.,A bunch of bananas are stacked on top of each other.
725,This train is orange and blue and is at the station,A train is pulling into a train station.
726,A clock in front of an abstract design.,A close up of a clock with a clock face.
727,A group of benches sitting outside of a building at night.,A view of a large building with a clock tower.
728,a kitchen with a stove a refrigerator next to it,A bathroom with two sinks and a toilet.
729,A person sitting against a wall as another walks by with an umbrella.,A dog is walking down a hallway with a person in the background.
730,A woman sitting on a bed next to a group of cats.,A woman sitting on a bench with two dogs.
731,A woman cross country skiing on a snowy path.,A man is skiing down a snowy path.
732,a little flying her kite on the beach,A little girl standing on a beach with a kite.
733,A bowl of soup is garnished with bacon.,A bowl of soup and a bowl of rice.
734,A woman is getting ready to hit a ball with a tennis racket.,A man holding a tennis racket on a tennis court.
735,A man riding skis down the side of a snow covered slope.,A person is snowboarding down a snow covered slope.
736,A commuter train driving down the rail road tracks.,A train is coming down the tracks near a station.
737,A basket filled with vegetables and purple flowers.,A bunch of carrots and a bunch of onions.
738,"WORKING AREA WITH DESK, COMPUTER, BOOKS, YARN AND A BASKET",A kitchen with a table and chairs and a stove.
739,A white sink sitting under a mirror in a bathroom.,"A bathroom with a sink, mirror, and toilet."
740,A brown and blue bird is standing on the dirt.,A bird is standing in a field of grass.
741,A group of men riding down a sidewalk on bikes.,A man riding a bike on a city street.
742,A doorway into a bathroom with a sink and vanity.,"A bathroom with a toilet, sink, and a mirror."
743,a woman holding up a phone to take a picture at a dam,A woman holding a cell phone in front of a city.
744,A brown dog with a smile on it's face standing on a dirty ground.,A dog is holding a frisbee in its mouth.
745,a tower with a large clock built into the side of it,A clock tower with a flag flying on top.
746,Two Zebras seems to be playing together in the wilderness.,Two giraffes are standing next to each other.
747,A white and black passenger bus at a paved intersection.,A bus is driving down the street in front of a building.
748,A person on a skateboard up in the air.,A man riding a snowboard down a snowy hill.
749,"The skier is moving quickly down the mountain, leaving a trail of white powder.",A man is skiing down a snow covered slope.
750,A bowl of grilled foot-long hot dogs next to buns toasting on the grill.,A tray of hot dogs sitting on a grill.
751,a girl that is up to the plate with a bat,A man is pointing to a woman in a blue shirt.
752,A white toilet sitting next ot a bathroom sink under a mirror.,"A bathroom with a toilet, sink, and shower."
753,An airplane sits on a runway in the middle of snowy grass.,A large propeller plane sitting on a runway.
754,A player at bat in a baseball game in action.,A baseball player swinging a bat at a ball.
755,An electric train traveling down the tracks near a canal.,A train is traveling down the tracks near a bridge.
756,this is a woman using her cell phone,A woman sitting on a couch talking on a cell phone.
757,a view into the bathroom looking down on a toilet sitting on a tiled floor,"A bathroom with a toilet, sink, and mirror."
758,A man in a baseball uniform about to throw a ball.,A baseball player throwing a ball on a field.
759,A snow filled street with a stop sign on the corner.,A stop sign in the snow with a car in the background.
760,A small propeller plane sitting underneath a covering at an airport.,A white and red truck parked in a parking lot.
761,Flock of seagulls standing on the shoreline staring into the water.,A flock of birds standing on the shore of a lake.
762,Three women are sitting at a table with pizza.,A group of people sitting at a table with plates of food.
763,The base ball pitcher is pitching the ball.,A baseball player is swinging a bat at a ball.
764,A yellow plastic bowl filled with fruit next to a smaller bowl of berries.,A plate of food with a banana and a slice of bread.
765,A girl holding a pink teddy bear in front of her face.,A baby holding a stuffed animal in its mouth.
766,THERE IS A MAN THAT IS RIDING ON A BIE IN THE STREET,A large building with a clock tower in the background.
767,A silver truck with a large horse trailer attached to it.,A truck is parked in a parking lot.
768,this bathroom has a large jacuzzi tub and a large mirror,A bathroom with a white tub and a white sink.
769,Two giraffes standing with each other in the trees.,Two giraffes are standing in a field of tall grass.
770,A large white bird walking across a pond.,A bird standing on a rock in the water.
771,A man in suit sking down a slope with poles.,A man on skis going down a snow covered slope.
772,A large blue clock mounted to the side of a building.,A large clock on the side of a building.
773,Three giraffes are standing in a field next to some brush.,A group of giraffes standing in a field.
774,A view from the sky of someone riding a motorcycle on the street.,A man is sitting on a snowy hill.
775,A smiling man hand feeds a giraffe as two other giraffes stand in the background.,A man petting a horse in a zoo enclosure.
776,Three men are playing baseball on a baseball field.,A baseball player is swinging at a ball.
777,A brown bear standing on a  moss covered rock hillside.,A brown bear is sitting in a field of bushes.
778,A plate of assorted cooked vegetables is placed upon a wooden table.,A bowl of broccoli with a knife and a spoon.
779,The under storage compartment on a bus filled with junk.,A truck with a bed full of luggage.
780,A plate of vegetables stir fried with snails and noodles.,A plate of food with a lot of vegetables.
781,A baby brushing it's  hair in front of a mirror.,A little girl is brushing her teeth with a toothbrush.
782,A computer keyboard next to a mouse and monitor on top of a wooden desk.,A cell phone and a remote control on a table.
783,there is a large desk top computer on this desk,A laptop computer sitting on a table next to a picture.
784,A vase filled with an orange reddish flower.,A bunch of bananas hanging from a tree.
785,a young boy posing next to a fire hydrant,A little girl standing next to a horse.
786,A person riding on a skateboard in a paved area.,A man riding a skateboard on a sidewalk.
787,A man on a surf board riding a big wave.,A man riding a wave on a surfboard.
788,A miniature pitcher and small cups sitting on a tray next to a pot of flowers.,A kitchen sink with a pot of food on it.
789,"Behind the counter of a pizzeria, a man puts toppings on a new pie.",A man is cutting a pizza in a box.
790,A toilet with a couple of floor mats near them.,"A bedroom with a bed, dresser, and a television."
791,there is a tall tower with a small clock on it,A clock tower with a clock on it.
792,A young man is running to hit a tennis ball.,A man swinging a tennis racket at a tennis ball.
793,A large tall building with a tower with a clock.,A large building with a clock tower in the background.
794,A person standing on  surfboard in the water.,A man is riding a wave on a surfboard.
795,A baseball player pitching a ball on a field.,A baseball player is throwing a ball.
796,The view of a neatly made hospital room from inside.,"A living room with a couch, a television, and a table."
797,A woman in a white skirt standing on top of a tennis court.,A man swinging a tennis racket at a tennis ball.
798,The small bathroom has one window in it.,"A bathroom with a toilet, sink, and a shower."
799,A man sitting at a table with a tray of food holding chop sticks.,A table with a lot of food on it.
800,A large tray holding an assortment of decorated doughnuts,A plate of donuts with different toppings on it.
801,Two brown horses crossing necks with each other.,Two horses are standing next to each other.
802,Two zebras in a stone walled enclosure with small trees in it.,A zebra standing next to a zebra in a field.
803,Three horned cows inside of a grazing land.,A herd of goats standing in a field.
804,Pink lunch box with compartments for all types of food,A box of pizza with a variety of toppings.
805,A sign sitting on the side of a road.,A bus is stopped on a street with a sign.
806,a group of people standing on the sidewalk holding umbrellas above their heads,A group of people standing next to each other.
807,A desktop computer sitting on top of a desk.,A computer monitor sitting on a desk next to a keyboard.
808,A Manchester bus with passengers is traveling down the road.,A stop sign with a street sign on it.
809,A jet airplane flying above some city buildings.,A plane flying over a building with a street light.
810,Two Geese are swimming in the water by a tree.,Two birds with long beaks standing next to each other.
811,three giraffes behind a fence with a tree near by,A group of giraffes standing in a dirt field.
812,A trains with both passenger and freight cars moving along a train track.,A train is traveling down the tracks near a city.
813,Several dogs and people standing and sitting near a park bench.,A man and a woman standing next to a herd of cattle.
814,A blue and gray Chicago police boat patrolling the ocean.,A boat is parked on the beach.
815,An elephant standing in a lush leaf filled jungle.,An elephant standing in a field with trees.
816,A group of people stand around discussing frisbee,A group of men standing around a frisbee.
817,A woman standing on a tennis court holding a racquet.,A man is playing tennis on a tennis court.
818,Man surfing on white water waves in open waters.,A man in a wet suit riding a wave on a surfboard.
819,"A desk with a box, mouse and white laptop.",A computer monitor sitting next to a keyboard.
820,One kid is playing a game and two others are watching.,Three young girls are playing a video game.
821,Three zebras eating hay from bales inside a barn-like structure.,A couple of zebras standing in a zoo enclosure.
822,A group of snowboarders and skiers taking   a group photo.,A group of people standing next to each other on skis.
823,Looking down at a brown bear by a tree on green grass,A bear grazing on a grassy field.
824,Many umbrellas are set up on a sandy beach.,A pile of discarded items on the ground.
825,A wood bunk bed with blue striped sheets.,A small bedroom with a bed and a dresser.
826,Luggage attendants are carrying luggage on their heads as passengers ready to board.,A group of people standing on a boat with luggage.
827,a very large bench on the street and a chair,A bench sitting on a sidewalk next to a building.
828,A train traveling down train tracks next to a train station.,A white airplane parked on a tarmac.
829,A person on a court with a tennis racket.,A baseball player is holding a bat on a field.
830,a close up of a pizza on a napkin on a table,A pizza with cheese and broccoli on a plate.
831,there are a few ducks that are sitting in the river,A skier is skiing down a snowy slope.
832,A giraffe walking across a street in front of a truck.,A man riding a horse next to a giraffe.
833,A stop light with a stop sign underneath it,A stop sign with a red and white arrow on it.
834,A man riding a motorcycle down a long road next to green grass.,A man standing in front of a clock tower.
835,An Indian elephant walks around outside during daylight.,An elephant is standing in the middle of a field.
836,A living room with a couch and a coffee table.,"A living room with a couch, a television, and a dresser."
837,A small dog is looking in the mirror of the car.,A dog is seen in a car side mirror.
838,a man sitting down eating a doughnut,A man laying on the ground holding a cell phone.
839,A tad in front of the thunder of a car,A cat sitting under a car in the grass.
840,Several sheep graze in a clumpy grass field.,A herd of sheep standing in a field.
841,Two people holding umbrellas standing at the edge of a high cliff overlooking a lake.,A red fire hydrant sitting in the snow.
842,A large room features two chairs a large window covered with blinds and two tables and chairs.,A living room with a couch and a television.
843,A man riding a surfboard up a wave in the ocean.,A man riding a wave on a surfboard.
844,A skateboarder is on top of the rim and going around the turn.,A man riding a skateboard on a ramp.
845,A woman walking down a street while talking on a cell phone.,A man walking down a street holding a frisbee.
846,a dinner table set with many plates and spoons and forks,A table with a bunch of plates and a vase of flowers.
847,A man wearing a tie and glasses is standing by a door.,A man in a suit and tie standing in front of a wall.
848,A cat sitting on top of a laptop computer.,A small child sitting on a bed with a cat on the bed.
849,A man has an ear bud in while driving,A man in a red shirt is talking on a cell phone.
850,A group of zebras that are standing in the grass.,A group of horses standing on a beach.
851,"Pizza with a spiky crust features olives, tomato sauce and vegetables.",A pizza with a lot of toppings on it.
852,A all metal clock sitting next to a leaf free tree.,A clock tower with a clock on each side of it.
853,DOUGHNUTS KEPT IN A PLATE ON A TABLE.,A donut with a hole in it on a plate.
854,A large steel boat floating on top of water.,A boat that is sitting on the water.
855,A counter lined with lots of wooden stools.,A kitchen with a table and chairs and a window.
856,A boardwalk with benches and a French fry stand.,A train station with a train on the tracks.
857,Several buses are parked on a tarmac near some planes.,A truck and a car on a highway.
858,A box with a pizza that is missing a piece in it.,A pizza with a lot of different toppings on it.
859,a gray and white cat sitting by a window,A cat sitting on a window sill looking out.
860,A man standing on the side of train tracks next to a train.,A man walking down a street with a train in the background.
861,A group of chefs standing in a kitchen preparing food.,A man standing in front of a market with a bunch of bananas.
862,A man surfing on a big wave bare chested.,A man riding a wave on a surfboard.
863,A room with two laptops on a desk.,"A desk with a laptop, a desktop, and a monitor."
864,A red water hydrant on a pavement next to some buildings,A red fire hydrant sitting on a sidewalk.
865,a person on a surfboard while riding  a wave,A man riding a surfboard on a wave.
866,Doughnuts on a plate being cut in  half by someone.,A plate of donuts with icing and sprinkles.
867,A large church tower with a clocked embedded in it.,A clock tower with a clock on the top.
868,Two very large computer monitors are sitting on a rather small desk.,A laptop computer and a desktop computer on a desk.
869,A couple of people on skis standing in the snow.,A person on skis on a snow covered slope.
870,a man is skiing down a mountain of snow,A man riding a bicycle down a snowy hill.
871,this is a clock attached to a brick wall,A large clock tower with a statue on top.
872,A boat on a body of water with trees in the background.,A group of boats parked in a forest.
873,Red and blue busses are parked along the street.,A group of trucks parked in a parking lot.
874,A girl with an umbrella in front of a store window.,A man standing in front of a window with a hat on.
875,a small dog is standing on the edge of a boat,A cat sitting on a wooden bench in a park.
876,A woman pets a dog on a white bench.,A man sitting on a bench with a dog.
877,a girl playing tennis hits the ball back to the opponet,A young girl is playing tennis on a court.
878,some people are walking with umbrellas down the street,A city street with people walking down the street.
879,Several people riding surfboards in the ocean waves.,A man riding a wave on a surfboard.
880,A herd of three zebra drinking water from a muddy puddle.,A group of zebras drinking water from a shallow pool.
881,A red and blue fire hydrant sitting on a patch of grass next to a small road.,A fire hydrant is sitting on the side of the road.
882,A man in an orange vest is riding a horse.,A man riding a horse in a field.
883,"A small bathroom features a painting of birch trees, a beveled mirror and a sink cabinet with multi-pane glass windows.",A kitchen with a white refrigerator and a white oven.
884,A man that is in the dirt with a bat.,A baseball player swinging a bat at a ball.
885,A crowd watches a softball player with a red helmet.,A young boy swinging a baseball bat at a ball.
886,Two beds in a hotel room with a window looking into the bathroom,"A living room with a couch, a chair, and a table."
887,the man is wearing a blue hat with an M on it,A man in a suit and tie is holding a microphone.
888,A residential kitchen with wood cabinets and flooring and a large window.,A kitchen with a table and chairs and a stove.
889,A basket filled with lots of different produce.,"A bowl of food with broccoli, carrots, and a bowl of rice."
890,A dog sticking its head out of a window.,A dog is sitting on a ledge looking out a window.
891,A man on skis next to a small child,A man and a child standing on skis.
892,A LARGE TRAIN IS APPROACHING THE RAIL STATION,A train is traveling down the tracks near a platform.
893,an elephant is standing near some a body of water,A cow standing in a field next to a tree.
894,A home computer and keyboard on a desk.,A computer desk with a laptop and a desktop computer.
895,a bench on a path near a field,A train is traveling down a mountain road.
896,Yellow floral arrangement with green leaves in vase on small table.,A bowl of food with broccoli and greens.
897,A yellow fire hydrant sits along a red painted curb.,A fire hydrant is sitting on the side of the road.
898,A gray tiger stripe cat laying on top of a wooden bench.,A cat sitting on a chair with its head lowered.
899,A giraffe standing in a dry dirt field.,A giraffe standing in a field with trees.
900,A large passenger jet flying through the blue sky.,A large airplane flying through a blue sky.
901,A Japan Airlines airplane is parked on the runway.,A large airplane sitting on a runway.
902,A kitchen with lots of counter space and a black oven stove top.,A couple of beds that are sitting next to each other.
903,a person is surfing under a wave at the beach,A person riding a wave on a surfboard.
904,A center island in a kitchen surrounded by stools.,A kitchen with a table and chairs in it.
905,A surfer on his surfboard performing a move.,A man riding a wave on top of a surfboard.
906,A box with two different types of doughnuts.,A plate of food with a sandwich and a salad.
907,A bird flying over some waves seeking food.,A bird is flying over the water.
908,A train is pulling into a train station quickly.,A bus is parked on a street.
909,A zebra is standing in a field with tail wagging and looking.,A zebra standing in a field of dry grass.
910,A couple of zebras are standing in the grass,Two zebras standing next to each other in a field.
911,Two zebras rubbing heads in a field.,Two zebras standing in a field next to each other.
912,Four planes in the sky in a flying formation.,A group of planes flying in the sky.
913,Black bear in a large field of grass.,A sheep grazing in a field with a lone sheep in the background.
914,A display case full of various kinds of donuts,A display of fruit and vegetables in a store.
915,The kids are sitting and eating around a table.,A group of people sitting on a couch playing video games.
916,A man prepares to hit a tennis ball.,A young boy is playing tennis on a court.
917,there is a dog in the grass playing with a frisbee,A cow standing in a field with a rope around its neck.
918,A room that has a kitchen and a shelf with glasses and different alcoholic drinks on it.,"A kitchen with a refrigerator, sink, and a door."
919,A little girl walking down a sidewalk near a tall building.,A young girl wearing a hat and a shirt.
920,"A printer sitting next to a desk with a laptop, computer monitor and mouse on it.",A bed with a lamp and a small table.
921,A woman on a grassy field holding a frisbee.,A man is playing with a frisbee in the park.
922,There is a seagull standing on a brick pole next to the ocean and a light house,A red fire truck driving down a road.
923,A white propeller airplane sitting on a runway.,A large airplane sitting on a runway.
924,A couple of birds sitting on the back of white chairs.,A group of people sitting at a table.
925,a bath room with a toilet a sink and a mirror,A bathroom with a toilet and a sink.
926,Cathedral as possible on a very snowy day,A red bus parked next to a tree.
927,A group of horses grazing in a grassy field,Two cows standing next to each other in a field.
928,three red chairs sitting around a table with a checker board on the top of it,"A living room with a couch, a chair, a table and a fireplace."
929,A table topped with white plates with donuts and pastry.,A table with a plate of food and a cup of coffee.
930,A group of people standing on a sidewalk while carrying umbrella.,A man sitting under an umbrella with a woman sitting next to him.
931,A tennis player getting ready to hit the ball with his racket .,A man is playing tennis on a tennis court.
932,there are many snowboards that are lined on the wall,A row of skateboards painted with graffiti on the side.
933,Three people are standing on a beach with surfboards.,A man and a woman standing next to each other holding a surfboard.
934,Man in skies going down a snowy slope.,A man on skis standing on a snow covered slope.
935,A woman riding skis down a snow covered slope.,A man in a yellow jacket skiing down a snowy slope.
936,The truck is on the road and birds are flying in the background.,A train traveling down a mountain road.
937,an image of a brown cow eating grass,A horse standing in a field under a tree.
938,A small red clock is next to a plant.,A large jar with a lid on it.
939,A stop sign in front of a large building with multiple balconies.,A sign with a picture of a clock on it.
940,Bed is made with the comforter and sheets pulled back.,A bed with a white comforter and a blue comforter.
941,A group of people standing around bags of luggage.,A group of people standing around a luggage cart.
942,A zebra feasting on lush green grass next to a hillside.,A zebra grazing on a lush green field.
943,A bird flying in the sky over a beach and water.,A kite flying over a beach with a boat in the background.
944,There are red and green apples in the bowl.,A bowl of fruit on a table with a banana and an apple.
945,A red double decker bus driving under a bridge down a street.,A double decker bus is parked in front of a building.
946,A snowboarder is on the edge of a painted slope.,A man riding a snowboard down a ramp.
947,a man holds a child as he pets some sheep,A man and a woman standing next to a giraffe.
948,A man riding a surfboard on top of a wave in the ocean.,A man riding a wave on a surfboard.
949,Two birds standing together by a large rock,Two birds standing on top of a grassy field.
950,a baseball player swinging a bat on top of a green field.,A baseball player swinging a bat at a ball.
951,A coffee cup sitting on top of a wooden table.,A plate of food sitting on a table.
952,a train going down a track by some bushes and grass,A train is traveling down a track near a river.
953,a white breakfast bar in a large home kitchen,A living room with a table and chairs.
954,A row of different colored wood benches sitting next to each other.,A row of red and white motorcycles parked on the sidewalk.
955,there is a man walking along the beach with a surfboard,A woman holding a tennis racket on a tennis court.
956,A man outdoors jumping to catch a frisbee.,A man in a park catching a frisbee.
957,The large herd of cows are all around the large field.,A herd of sheep grazing in a grassy field.
958,A couple of zebra seen behind the fence of their pin area at the zoo,A group of zebras standing in a dirt field.
959,An elephant in the water spraying himself with his trunk.,Two elephants are standing in a field.
960,A woman standing on a tennis court holding a racquet.,A young boy is playing baseball on a field.
961,A pile of cookbooks stacked in the microwave.,A refrigerator with a lot of food inside of it.
962,A group of people on motorcycles with tree in background.,A group of people riding motorcycles down a street.
963,A woman sitting on a subway with her legs crossed.,A man laying on a couch with his legs crossed.
964,A person is wearing skis and is in the snow.,A man on skis is standing in the snow.
965,The baby is eating a piece of cake.,A little boy is eating a piece of pizza.
966,A surfer emerging from the waves in a black wet suit holding his surfboard.,A man walking on the beach with a surfboard.
967,A couple of men standing together in some cloths.,A man and a woman are posing for a picture.
968,People standing on a sidewalk in front of a crosswalk.,A man and woman standing on a sidewalk.
969,A group of three giraffes standing in the zoo.,A giraffe and a zebra standing in a field.
970,A white toilet sitting next to a shower.,"A bathroom with a sink, mirror, and toilet."
971,A racer drives a motorcycle on the track.,A man riding a motorcycle on a race track.
972,A pitcher winds up to throw the ball to the batter.,A baseball player is throwing a ball on a field.
973,Man speaking emphatically on a cell phone in house,A woman holding a banana in her hand.
974,A wooden desk with an open laptop computer sitting on top of it.,"A bathroom with a toilet, sink, and window."
975,Two zebras stand on a dirt floor in a shaded enclosure.,Two zebras standing next to each other in a zoo.
976,"A small bus with the word ""Orbit"" painted on it's side.",A bus is parked on the side of the road.
977,THERE IS A BED AND A WINDWO AND TWO CHAIRS ON THE SIDE,A kitchen with a large island and a large window.
978,A large body of water with lots of kites flying above it.,A group of people flying kites on a beach.
979,A snowboarder among a crowd on a snowy slope.,A group of people riding skis on a snow covered slope.
980,A lone white cow with a herd of black cows behind a fence.,A group of sheep are standing in a pen.
981,Two hot dogs in a paper container being held by a hand.,"A hot dog with ketchup, mustard, and relish."
982,A military jet fighter plane coming in to land,A fighter jet is flying in the sky.
983,A group `of skiers standing at the bottom of the slope,A group of people standing on a snow covered slope.
984,A group of appliances sit in a room.,A kitchen with a refrigerator and a microwave.
985,A pair of yellow and green motorcycles parked next to each other.,A red and white motorcycle parked in front of a building.
986,Three men skiing on a snow capped mountain,A group of people standing on a snow covered slope.
987,A red two story bus drives down the street.,A double decker bus is parked on the street.
988,A herd of elephants is standing in tall grass,A herd of elephants walking through a grassy field.
989,"Young man on skate board in mid air, performing a stunt.",A man is jumping in the air on a snowboard.
990,THERE IS A BOAT THAT IS ON THE BEACH,A boat is tied to a dock on the beach.
991,A group of men riding bikes down a city street.,A group of motorcycles are riding down a street.
992,Sea gulls rest and preen in a parking lot.,A bird is sitting on a piece of bread.
993,A woman with a toothbrush in her mouth.,A woman brushing her teeth with a toothbrush.
994,A couple if black cows standing in a field .,A horse is standing in a field with a man on a leash.
995,a person on skis on a snowy surface,A man riding skis down a snow covered slope.
996,A blue and yellow train traveling across a rail bridge.,A train is traveling down a railroad track.
997,A giraffe stands tall and looks out among some brush.,A giraffe standing in a field of tall grass.
998,A surfboard leaning on a wall near some stairs and a door.,"A kitchen with a stove, sink, and a refrigerator."
999,A living room filled with a large rug and furniture.,"A living room with a couch, a coffee table, and a television."
